{"cameraMode":{"drawMode":0,"name":"Shaded","section":"Shading Mode"},"sceneLighting":true,"audioPlay":false,"sceneViewState":{"m_AlwaysRefresh":false,"showFog":true,"showSkybox":true,"showFlares":true,"showImageEffects":true,"showParticleSystems":true,"showVisualEffectGraphs":true,"m_FxEnabled":true},"in2DMode":false,"pivot":{"x":6.682582855224609,"y":16.14249610900879,"z":-21.61039924621582},"rotation":{"x":-0.19294236600399018,"y":0.13909496366977693,"z":-0.031077230349183084,"w":-0.9716612696647644},"size":2.0660252571105959,"orthographic":false}